unique_id,osmid,element_type,addr:district,addr:full,addr:postcode,addr:state,addr:subdistrict,amenity,contact:phone,description,name,source,geometry,healthcare,addr:city,addr:street,name:hi,contact:mobile,email,healthcare:speciality,operator:type,website,operator,emergency,nodes,building,addr:housenumber,phone,phone_1,name:en,,,,,,,
node/7117753621,7117753621,node,Sheikhpura,"NISHIYAWAN ROAD, MASAURHI RAILWAY COURT HALT, MASAURHI, PATNA, BIHAR",804452,Bihar,Barbigha,hospital,6341236050,Sub-District Hospital,SDH Masaurhi,OpenGovernmentData,POINT (85.0427802 25.3676765),,,,,,,,,,,,,,,,,,,,,,,,
node/1358917799,1358917799,node,Patna,,803210,Bihar,Belchhi,hospital,,,New Gardinar Road Hospital,OpenGovernmentData,POINT (85.13090699999999 25.6102948),,,,,,,,,,,,,,,,,,,,,,,,
node/2948362003,2948362003,node,,,,,,hospital,,,,,POINT (85.03716129999999 25.6293787),hospital,,,,,,,,,,,,,,,,,,,,,,,
node/6833839456,6833839456,node,,,800001,,,hospital,,,Dr. Sarojini Sinha Memorial Shiv-Shakti Hospital,,POINT (85.12438830000001 25.6196101),hospital,Patna,East Boring Canal Road,डॉ। सरोजिनी सिन्हा मेमोरियल शिव-शक्ति अस्पताल,,,,,,,,,,,,,,,,,,,,
node/6950344193,6950344193,node,Patna,"Laxmi Niwas, NearPanchmukhi Mandir, West Boring Canal Road",800001,Bihar,,hospital,,,L.B.Aparajita Hospital,OpenGovernmentData,POINT (85.1209135 25.6182109),,,,,,,,,,,,,,,,,,,,,,,,
node/6950588498,6950588498,node,Patna,B.P. Koirala Marg ( Bank Road),800001,Bihar,,hospital,,,Tara Hospital and Medical Research Centre Pvt Ltd,OpenGovernmentData,POINT (85.13867930000001 25.6184183),,,,,,,,,,,,,,,,,,,,,,,,
node/6952997645,6952997645,node,Patna,"East Boring Canal Road, Kidwaipuri",800001,Bihar,,hospital,,,Child Hospital,OpenGovernmentData,POINT (85.12997009999999 25.6139343),,,,,,,,,,,,,,,,,,,,,,,,
node/6952997657,6952997657,node,Patna,West Boring Canal Road North Anandpuri,800001,Bihar,,hospital,6122557720,,Jeevak Shalya Nilayam,OpenGovernmentData,POINT (85.12165659999999 25.6202443),,,,,,,,,,,,,,,,,,,,,,,,
node/6952997662,6952997662,node,Patna,Rajesh Kumar Path South S.K.Puri,800001,Bihar,,hospital,,,D N Singh Memorial Trust,OpenGovernmentData,POINT (85.11338000000001 25.6130926),,,,,,,,,,,,,,,,,,,,,,,,
node/6952997667,6952997667,node,Patna,Boring Road,800001,Bihar,,hospital,2540752,,Jyoti Punj Hospital,OpenGovernmentData,POINT (85.1162083 25.6143551),,,,,,,,,,,,,,,,,,,,,,,,
node/6953034582,6953034582,node,Patna,"Beside Krishna Apartment , NearA.N.College, Boring Road",800013,Bihar,,hospital,,,Renu Eye Center,OpenGovernmentData,POINT (85.1128985 25.6177702),,,,,,,,,,,,,,,,,,,,,,,,
node/6953060687,6953060687,node,Patna,"Ashraf Clinic Complex,S.P Verma Road",800020,Bihar,,hospital,,,Ruban Emergency Hospital,OpenGovernmentData,POINT (85.1409752 25.611925),,,,,,,,,,,,,,,,,,,,,,,,
node/6953102547,6953102547,node,Patna,Behind Shiv Mandir Bailery Road Lane Of Rukunpura Masjid,800014,Bihar,,hospital,,,R N Superspecility Hospital And Research Centre,OpenGovernmentData,POINT (85.07652640000001 25.6041881),,,,,,,,,,,,,,,,,,,,,,,,
node/6953154986,6953154986,node,Patna,"Sahdeo Mahto Marg, Sri Krishna Puri, Patna",800001,Bihar,,hospital,,,Netradham Eye Hospital,OpenGovernmentData,POINT (85.1158583 25.6112919),,,,,,,,,,,,,,,,,,,,,,,,
node/6953156869,6953156869,node,Patna,East Of Sadaquat Ashram,800001,Bihar,,hospital,,,Mahavir Vaatsalya Aspatal,OpenGovernmentData,POINT (85.1175602 25.6304862),,,,,,,,,,,,,,,,,,,,,,,,
node/6953174273,6953174273,node,Patna,"173, Patliputra Colony",800001,Bihar,,hospital,,,Chand Memorial Hospital,OpenGovernmentData,POINT (85.10510669999999 25.6280231),,,,,9835889994,,,,,,,,,,,,,,,,,,,
node/6953174278,6953174278,node,Patna,"40, Patliputra colony",800013,Bihar,,hospital,9204323716,,"Sahyog Hospital, Patna",OpenGovernmentData,POINT (85.108265 25.6290981),,,,,,sahyoghospitalpatna@yahoo.com, info@sahyoghospital.com,multi speciality,private,http://www.sahyoghospital.com,,,,,,,,,,,,,,
node/6953183747,6953183747,node,Patna,Gulistan Mohalla Isapur Road Phulwari Sharif,801505,Bihar,,hospital,,,Life Care Maternity Home,OpenGovernmentData,POINT (85.0691772 25.5739787),,,,,,,,,,,,,,,,,,,,,,,,
node/6953195489,6953195489,node,Patna,"Road No-9, Rajiv Nagar",800024,Bihar,,hospital,,,Shivam Chikisalya Kendra,OpenGovernmentData,POINT (85.0954333 25.6271501),,,,,,,,,,,,,,,,,,,,,,,,
node/6953197527,6953197527,node,Patna,Imarat Shariah Complex Phulwari Sharif,801505,Bihar,,hospital,,,Maulana Sajjad Memorial Hospital,OpenGovernmentData,POINT (85.0721095 25.5781821),,,,,,,,,,,,,,,,,,,,,,,,
node/6953484250,6953484250,node,Patna,"Sheikhpura Bagicha, Bailey Road , Raja Bazar",800001,Bihar,,hospital,,,Max Care Hospital And Research Institute Pvt. Ltd.,OpenGovernmentData,POINT (85.0914318 25.6095814),,,,,,,,,,,,,,,,,,,,,,,,
node/6953517715,6953517715,node,Patna,"Haridaspur,Rukanpura-Khagaul Road (Nahar Road) Opposite Pillar No.- 46 , (Near Kali Mandir) Khagaul",801105,Bihar,,hospital,,,Ashutosh Memorial Hospital,OpenGovernmentData,POINT (85.0545135 25.5881285),,,,,8825214450,,,,http://hairtransplantationpatna.com/,,,,,,,,,,,,,,,
node/6956367384,6956367384,node,Patna,"Bailey Road Shaikhpura, Raja Bazar",800014,Bihar,,hospital,,,Dr. Vimal Hospital and Research Center,OpenGovernmentData,POINT (85.0433367 25.6201633),,,,,,drbimalkr@yahoo.co.in,Gastro Surgery, Gastrology, General Medicine, General Surgery, Obstetrics and Gynaecology, Orthopaedics, Paediatrics, Urology,private,http://www.bimalhospital.com,,,,,,,,
node/6956501304,6956501304,node,Patna,"Nh 98,Janipur road",801505,Bihar,,hospital,,,K.B. Hospital and Research Institute - Patna,OpenGovernmentData,POINT (85.0648906 25.5755183),,,,,,,,,,,,,,,,,,,,,,,,
node/6956634039,6956634039,node,Patna,"L-26, S P Bariyar Path, near Bank Of India, Sri Krishna Nagar,Kidwaipuri",800001,Bihar,,hospital,,,Sheila Urology & Laproscopy Centre,OpenGovernmentData,POINT (85.126797 25.6156068),,,,,,,,,,,,,,,,,,,,,,,,
node/6956785826,6956785826,node,Patna,Maurya Path Khajpura,800014,Bihar,,hospital,,,Shyamal Hospital,OpenGovernmentData,POINT (85.0754803 25.6130322),,,,,,,,,,,,,,,,,,,,,,,,
node/6965426829,6965426829,node,Patna,"Rajabazar, Bailey Road",800014,Bihar,,hospital,9334114835,,"Getwell Hospital, Patna",OpenGovernmentData,POINT (85.08445639999999 25.6044215),,,,,,,,,,,,,,,,,,,,,,,,
node/6965759090,6965759090,node,Patna,"Raza Bazar, Baily Road",800014,Bihar,,hospital,,,Paras HMRI Hospital,OpenGovernmentData,POINT (85.08255870000001 25.6055801),,,,,,infopatna@parashospitals.com,multi speciality,private,https://www.parashospitals.com/page=paras-patna,,,,,,,,,,,,,,,
node/6965847922,6965847922,node,Patna,"Rupaspur, Rob (Nahar), West Bailey Road",801503,Bihar,,hospital,,,Atlantis Hospital,OpenGovernmentData,POINT (85.0576329 25.6102616),,,,,,,,,,,,,,,,,,,,,,,,
node/6967217773,6967217773,node,Patna,Mithapur Bus Stand Road,800001,Bihar,,hospital,,,Sparsh Haritage Hospital,OpenGovernmentData,POINT (85.1364255 25.5932533),,,,,,,,,,,,,,,,,,,,,,,,
node/6967282527,6967282527,node,Patna,"Rahimpur Gumati, Parsa Bazar",804453,Bihar,,hospital,,,Tridev Health Care and Research Educational Welfare and Charitable Trust,OpenGovernmentData,POINT (85.1190696 25.5481303),,,,,,,,,,,,,,,,,,,,,,,,
node/6967467248,6967467248,node,Patna,"Saguna More, Bailey Road",801503,Bihar,,hospital,,,Keshav Hospital Pvt Ltd,OpenGovernmentData,POINT (85.04256959999999 25.6219687),,,,,,,,,,,,,,,,,,,,,,,,
node/6967489937,6967489937,node,Patna,Ram Krishna Nagar,800027,Bihar,,hospital,,,Maa Dulari Memorial Hospital,OpenGovernmentData,POINT (85.14196560000001 25.5812482),,,,,,,,,,,,,,,,,,,,,,,,
node/6967632923,6967632923,node,Patna,"Yarpur, NearGurudeo Balram Singh",800001,Bihar,,hospital,6122243261,,Akshat Seva Sadan,OpenGovernmentData,POINT (85.121837 25.5955477),,,,,,,,,,,,,,,,,,,,,,,,
node/6967648471,6967648471,node,Patna,"Meerambika Apt. 1/ B- Block Ground Floor, NearQlty. Corner",800001,Bihar,,hospital,,,Advanced Eye Care,OpenGovernmentData,POINT (85.1195209 25.6124045),,,,,,,,,,,,,,,,,,,,,,,,
node/6968021501,6968021501,node,Gaya,"Sheikhpura, Raza Bazar, Bailey Road, -14",824201,Bihar,,hospital,,,"Satyam Hospital, Gaya",OpenGovernmentData,POINT (85.088915 25.6058077),,,,,,,,,,,,,,,,,,,,,,,,
node/6968027669,6968027669,node,Patna,Khagaul Road Mithapur,800001,Bihar,,hospital,,,Anami Orthopaedics,OpenGovernmentData,POINT (85.12845129999999 25.5988629),,,,,,,,,,,,,,,,,,,,,,,,
node/6968029179,6968029179,node,Sheikhpura,"East Mangal Market, Bailey Roa",800013,Bihar,,hospital,,,Shekhar Hospital,OpenGovernmentData,POINT (85.091465 25.6046603),,,,,,,,,,,,,,,,,,,,,,,,
node/6968268079,6968268079,node,Sheikhpura,Mangal Market,800014,Bihar,,hospital,,,Krishna Health Care,OpenGovernmentData,POINT (85.0904196 25.6049857),,,,,,,,,,,,,,,,,,,,,,,,
node/7117753599,7117753599,node,Pashchim Champaran,Naubatpur,845307,Bihar,Sikta,hospital,,Referral Hospital,Naubatpur RH,OpenGovernmentData,POINT (84.9613627 25.5027092),,,,,,,,,,,,,,,,,,,,,,,,
node/7127768606,7127768606,node,Saran,Bihta,841418,Bihar,Marhaura,hospital,,Referral Hospital,"Referral Hospital,Bihta",OpenGovernmentData,POINT (84.8742275 25.5630647),,,,,,,,,,,,,,,,,,,,,,,,
node/7138096464,7138096464,node,Katihar,,855114,Bihar,Kadwa,hospital,,,"Goverment hospital,Khagual",OpenGovernmentData,POINT (85.0482532 25.578195),,,,,,,,,,,,,,,,,,,,,,,,
node/7139693312,7139693312,node,Pashchim Champaran,Danapur Bus Stand,845101,Bihar,Bagaha,hospital,,Sub-District Hospital,SDH Danapur,OpenGovernmentData,POINT (85.0457688 25.634645),,,,,,,,,,,,,,,,,,,,,,,,
node/7197094221,7197094221,node,,,,,,hospital,,,Udayan Hospital,,POINT (85.1229477 25.6210516),hospital,,,,,,,,,,,,,,,,,,,,,,,
node/7525917626,7525917626,node,Patna,"New Jakkanpur, GaRoadanibagh, Patna",800001,Bihar,,hospital,,,Nestiva Jay Arogyam Hospital,Local Knowledge,POINT (85.1203156 25.5947463),,,,,,,,,,,,,,,,,,,,,,,,
node/7525917658,7525917658,node,Patna,"70 Feet Road, Near New Bypass, Purbi Saristabad, Sadhnapuri, Patna",800002,Bihar,,hospital,,,N.S. Emergency Hospital,Local Knowledge,POINT (85.12035090000001 25.5843096),,,,,,,,,,,,,,,,,,,,,,,,
node/7525917661,7525917661,node,Patna,"Pragati Nagar, Sipara, Patna",800002,Bihar,,hospital,,,Bone Hospital,Local Knowledge,POINT (85.123137 25.577608),,,,,,,,,,,,,,,,,,,,,,,,
node/7525917667,7525917667,node,Patna,"Panchlok Diagnostic Centre, Near Tara Mandel, Kidwaipuri, Patna",800001,Bihar,,hospital,,,Child Hospital,Local Knowledge,POINT (85.13279609999999 25.610827),,,,,,,,,,,,,,,,,,,,,,,,
node/7525917669,7525917669,node,Patna,"Saristabad Road, Sadhnapuri, Patna",800002,Bihar,,hospital,,,Baby & Child Hospital,Local Knowledge,POINT (85.1190692 25.5871181),,,,,,,,,,,,,,,,,,,,,,,,
node/7525917673,7525917673,node,Patna,"Sri Krishna Nagar, Kidwaipuri, Patna",800001,Bihar,,hospital,,,Shiv Shakti Hospital,Local Knowledge,POINT (85.12425570000001 25.6196419),,,,,,,,,,,,,,,,,,,,,,,,
node/7525917685,7525917685,node,Patna,"Chakaram, Near Shreya Travels, Buddha Colony, Patna",800001,Bihar,,hospital,,,Patna Heart Hospital,Local Knowledge,POINT (85.12631930000001 25.6181438),,,,,,,,,,,,,,,,,,,,,,,,
node/7525917716,7525917716,node,Patna,"103, Gaya Highway, Issarpur, Babadham",800002,Bihar,,hospital,,,Jagdamba Hospital,Local Knowledge,POINT (85.1271969 25.5766307),,,,,,,,,,,,,,,,,,,,,,,,
node/7525917723,7525917723,node,Patna,"Ioc Main Road, Near Bus Stand, Pragati Nagar, Sipara, Patna",800002,Bihar,,hospital,,,Ayush Hospital,Local Knowledge,POINT (85.1249248 25.5794409),,,,,,,,,,,,,,,,,,,,,,,,
node/8411203120,8411203120,node,,,,,,hospital,,"It is where all the administrative work happen. The preclinical and paraclinical departments, as well as Director office, Dean office are here.","Administration Building, AIIMS Patna",,POINT (85.04397729999999 25.5594859),hospital,,,,,,,,,,,,,,,,,,,,,,,
node/8411203121,8411203121,node,,,,,,hospital,,"It is where the Physical Medicine and Rehabilitation Department is situated. In the basement, there is Medical Records Department and also the EHS Pharmacy.","AYUSH building, AIIMS Patna",,POINT (85.0428613 25.5615543),hospital,,,,,,physiotherapy,physiotherapist,,,,,,,,,,,,,,,,
node/8411203150,8411203150,node,,,,,,hospital,,,AIIMS Patna OPD,,POINT (85.0420123 25.5627413),hospital,,AIIMS Patna Road,,,,general,gynaecology,ophthalmology,paediatrics,internal,orthopaedics,dentist,dermatology,psychiatry,otolaryngology,radiology,urology,surgery,cardiology,plastic_surgery,government,,AIIMS Patna
node/8411203151,8411203151,node,,,,,,hospital,,,"In patient Department, AIIMS Patna",,POINT (85.0410744 25.5623888),hospital,,,,,,covid19,,,,no,,,,,,,,,,,,,
node/8411203152,8411203152,node,,,,,,hospital,,,"Trauma and Emergency, AIIMS Patna",,POINT (85.04041650000001 25.5627178),hospital,,AIIMS Patna Road,,,,emergency,,,,yes,,,,,,,,,,,,,
way/292253359,292253359,way,,,801105,,,hospital,,,Rrailway hospital,,"POLYGON ((85.0392071 25.5836517, 85.0394441 25.5836763, 85.0394051 25.5839821, 85.0391681 25.5839576, 85.0392071 25.5836517))",hospital,patna,khagaul,,,,,,,,,"[2958069689, 2958069690, 2958069691, 2958069693, 2958069689]",hospital,,,,,,,,,,,
way/292256946,292256946,way,,,801105,,,hospital,,,DR Seema saroj,,"POLYGON ((85.03665599999999 25.5838, 85.0369457 25.5838339, 85.0369618 25.5835726, 85.0366721 25.5835435, 85.03665599999999 25.5838))",hospital,patna,,,,,,,,,,"[2958094237, 2958094238, 2958094239, 2958094240, 2958094237]",,neora colony,,,,,,,,,,
way/292273330,292273330,way,,,,,,hospital,,,railway mandal hospital,,"POLYGON ((85.0398161 25.584752, 85.03984029999999 25.5844036, 85.0404545 25.5845004, 85.0404035 25.5848318, 85.0398161 25.584752))",hospital,"khagaul,patna",medical colony,,,,,,,,,"[2958244995, 2958244996, 2958244997, 2958244998, 2958244995]",,,,,,,,,,,,
way/292626240,292626240,way,,,,,,hospital,,,"Railway hospital,indoor",,"POLYGON ((85.0397827 25.5843201, 85.04071879999999 25.5844411, 85.0409119 25.5834806, 85.0409897 25.5834492, 85.0410273 25.5832121, 85.0406813 25.5831202, 85.0400375 25.5830307, 85.0397827 25.5843201))",hospital,"khagaul,patna",officer colony,,,,,,,,,"[2961622605, 2961622606, 2961622607, 2961622608, 2961622609, 2961622610, 2961622611, 2961622605]",,,,,,,,,,,,
way/379746271,379746271,way,,,,,,hospital,,,Mahavir canser sansathan,,"POLYGON ((85.0806999 25.578553, 85.08148730000001 25.5784695, 85.08149450000001 25.5781842, 85.08070119999999 25.577521, 85.0804327 25.5776037, 85.08045730000001 25.5777167, 85.08036060000001 25.5777516, 85.08035289999999 25.5780756, 85.0804322 25.57812, 85.080349 25.578561, 85.0806999 25.578553))",hospital,,,,,,,,,Mahavir mandir trust,yes,"[3830758470, 3830758471, 3830758472, 3830758473, 6562981525, 6562981526, 6562981527, 6562981528, 6562981530, 6562981529, 3830758470]",,,,,,,,,,,,
way/688918175,688918175,way,,,801507,,,hospital,0612-2451070,,All India Institute of Medical Sciences,,"POLYGON ((85.0412051 25.5642179, 85.041713 25.5638873, 85.0453124 25.5595762, 85.0411447 25.5565826, 85.0393315 25.5589243, 85.041034 25.5602993, 85.0394982 25.5617652, 85.0400839 25.562325, 85.0394103 25.5631629, 85.0412051 25.5642179))",hospital,Patna,Phulwari Sarif,,,admin@aiimspatna.org,,,http://aiimspatna.org/,Public,yes,"[4963066502, 4963059827, 4963059826, 4963059824, 4963059832, 4963059831, 4963059830, 4963059829, 4963066500, 4963066502]",,,0612 2920182,0612- 2451923,,,,,,,,
way/688923492,688923492,way,Patna,"Bailey Road, Shiekhpura",800014,Bihar,,hospital,,,Indira Gandhi Institute of Medical Sciences,OpenGovernmentData,"POLYGON ((85.08851730000001 25.6085015, 85.09041449999999 25.6081008, 85.09093369999999 25.609573, 85.0911734 25.6104509, 85.09128819999999 25.6111983, 85.09128320000001 25.6112343, 85.0913281 25.6114189, 85.0913831 25.611779, 85.0916031 25.6126881, 85.0901877 25.612875, 85.0880801 25.6131533, 85.0864077 25.6133568, 85.0860794 25.6109959, 85.0860466 25.6103076, 85.08658010000001 25.6101744, 85.0874008 25.6102706, 85.0872777 25.609116, 85.0884267 25.608931, 85.0883365 25.6085387, 85.08851730000001 25.6085015))",hospital,Patna,"Bailey Road, Shiekhpura",,,,,government,http://www.igims.org/,Public,,"[6462073641, 6462073642, 6462073643, 6462073644, 6462073645, 6462073646, 6462073647, 6462073648, 6462073649, 6462073650, 6462073651, 6462073652, 6462073653, 6462073654, 6462073655, 6462073656, 6462073657, 6462073658, 6462073659, 6462073641]",,,0612 2297099,,,,,,,,,
node/2174767695,2174767695,node,Patna,P.O. Gulzarbagh,800007,Bihar,,hospital,,,Tripolia Social Service Hospital,OpenGovernmentData,POINT (85.1900358 25.6141766),hospital,,,,,,,,,,yes,,,,,,,,,,,,,
node/4574681592,4574681592,node,,,800006,,,hospital,,,Guru Govind Singh Hospital,,POINT (85.21424690000001 25.5996766),hospital,,Ashok Raj Path,,,,,,,,,,,,,,Guru Govind Singh Hospital,,,,,,,
node/6030969525,6030969525,node,Patna,"Khemani Chak More, Mahavir Nagar, Kankarbagh",800020,Bihar,,hospital,,,Metro Trauma Hospital,OpenGovernmentData,POINT (85.1614754 25.5850717),hospital,,,,,,,,,,,,,,,,,,,,,,,
node/6030988256,6030988256,node,,,,,,hospital,,,Isha health care,,POINT (85.1969136 25.604719),hospital,,,,,,,,,,,,,,,,,,,,,,,
node/6950315187,6950315187,node,Patna,"Near Chiraiyatand Over Bridge, Kankar Bagh",800020,Bihar,,hospital,,,Mahavir Arogya Sansthan,OpenGovernmentData,POINT (85.1434345 25.6023905),,,,,,,,,,,,,,,,,,,,,,,,
node/6950330098,6950330098,node,Patna,"Shyam Path,(Gali No:-10) Chandwari RoadKankarbagh",800020,Bihar,,hospital,,,Magalam Hospital,OpenGovernmentData,POINT (85.1457296 25.5970666),,,,,,,,,,,,,,,,,,,,,,,,
node/6950348703,6950348703,node,Patna,"Nagar Nausa Lothi, Makhania Kuan Road",800004,Bihar,,hospital,,,"Kumar Nursing Home, Patna",OpenGovernmentData,POINT (85.1611455 25.6175277),,,,,,,,,,,,,,,,,,,,,,,,
node/6950348717,6950348717,node,Patna,"U/479, Lohia Nagar, Kankarbagh , (100Yds East Of Kankarbagh, Tempo Stand)",800020,Bihar,,hospital,,,"Kiran Nursing Home, Patna",OpenGovernmentData,POINT (85.15173919999999 25.5935884),,,,,,,,,,,,,,,,,,,,,,,,
node/6950525576,6950525576,node,Patna,"202, M.I.G. (Nort To Malahi Pakari Chowk) Kankarbagh Colony",800020,Bihar,,hospital,,,Sri Jagannath Sewa Sadan,OpenGovernmentData,POINT (85.15651630000001 25.5952824),,,,,,,,,,,,,,,,,,,,,,,,
node/6950541875,6950541875,node,Patna,"B-144, P.C.Colony, NearLohiya Nagar Mount Carmel High School, Kankarbagh",800020,Bihar,,hospital,,,Sri Sai Lions Netralaya,OpenGovernmentData,POINT (85.1528567 25.5930731),,,,,,,,,,,,,,,,,,,,,,,,
node/6950566667,6950566667,node,Patna,"No. E-139, Doctor's Colony,Lohianagar,NearMalahi Pakri Chowk",800020,Bihar,,hospital,,,Sundari Devi Hospital,OpenGovernmentData,POINT (85.1567941 25.5925198),,,,,,,,,,,,,,,,,,,,,,,,
node/6952960342,6952960342,node,Patna,"NearBahadurpur Railway Crossing, Rajendra Nagar",800016,Bihar,,hospital,,,A.B. Eye Institute,OpenGovernmentData,POINT (85.166768 25.6038682),,,,,,,,,,,,,,,,,,,,,,,,
node/6953012407,6953012407,node,Patna,"Station Road , Phulwarisarif,Kumhrar Rd, Mahatma Gandhi Nagar, Chitragupta Nagar, Patna",801505,Bihar,,hospital,,,Sahaj Surgery,OpenGovernmentData,POINT (85.1647523 25.6018708),,,,,,,,,,,,,,,,,,,,,,,,
node/6953027542,6953027542,node,Patna,"Vidyapuri, Kankarbagh",800020,Bihar,,hospital,,,Srijan Centre For Assisted Human Reproduction,OpenGovernmentData,POINT (85.1613047 25.5950735),,,,,,,,,,,,,,,,,,,,,,,,
node/6953036640,6953036640,node,Patna,"H/3 Doctors Colony, East Of Rajendra Nagar Over Bridge, Kankarbagh",800020,Bihar,,hospital,6122361180,,Patna Bone And Spine Hospital Pvt Ltd,OpenGovernmentData,POINT (85.1588227 25.6020379),,,,,,,,,,,,,,,,,,,,,,,,
node/6953102552,6953102552,node,Patna,"Indian council of research, Department of health research, Agamkuan",800007,Bihar,,hospital,,,Rajendra Memorial Research Institute of Medical Sciences,OpenGovernmentData,POINT (85.1975182 25.5997495),,,,,,,,government,http://www.rmrims.org.in/,,,,,,,,,,,,,,,
node/6953102557,6953102557,node,Patna,"NearBahadurpur Petrol Pump, Old Bypass Road, Kankarbagh",800020,Bihar,,hospital,,,"Rajeshwar Hospital, Patna",OpenGovernmentData,POINT (85.1686026 25.6012746),,,,,,nfo@rajeshwarhospital.com,multi speciality,private,http://www.rajeshwarhospital.com,,,,,,,,,,,,,,,
node/6953134936,6953134936,node,Patna,"A-5,Patrakar Nagar, Near Back Gate Of Commerce College ,Kankarbagh",800004,Bihar,,hospital,,,E N T Hospital and Research Centre,OpenGovernmentData,POINT (85.1619651 25.6001753),hospital,,,,,,,,,,,,,,,,,,,,,,,
node/6953152754,6953152754,node,Patna,"N. R. Tower, Khemni Chowk, More Mahavir Colony, Hanuman Nagar",800020,Bihar,,hospital,,,Ishwar Dayal Memorial Hospital,OpenGovernmentData,POINT (85.1617214 25.5850694),,,,,,,,,,,,,,,,,,,,,,,,
node/6953153746,6953153746,node,Patna,"Eye Microsurgery & Retina Centre, G-9, People `S Co-Operative Colony, Kankarbagh",800020,Bihar,,hospital,,,Avadh Eye Hospital- Dr Arjun Kumar Singh,OpenGovernmentData,POINT (85.1500484 25.6022304),,,,,,,,,,,,,,,,,,,,,,,,
node/6953154985,6953154985,node,Patna,"Munna Chowk,Kankarbag",800020,Bihar,,hospital,,,Patliputra Divine Hospital Pvt Ltd,OpenGovernmentData,POINT (85.1638444 25.5990939),,,,,,,,,,,,,,,,,,,,,,,,
node/6953154996,6953154996,node,Patna,"43, Migh, Shalimar Sweets, Infront Of Bata Showroom, Kankar Bagh",800020,Bihar,,hospital,6122342922,,"Prakash Hospital, Patna",OpenGovernmentData,POINT (85.1470698 25.600428),,,,,,,,,,,,,,,,,,,,,,,,
node/6953157150,6953157150,node,Patna,"New Bypass (NH-30), Khemnichak, PO - New Jaganpura, PS - Ramkrishna Nagar",800027,Bihar,,hospital,,,Ford Hospital,OpenGovernmentData,POINT (85.16302159999999 25.5842409),,,,,,admin@fordhospital.org, info@fordhospital.org,multi speciality,private,https://fordhospital.org/,,,,,,,,,,,,,,
node/6953160027,6953160027,node,Patna,"B-24, Sachivalay Colony, Kankarbagh",800020,Bihar,,hospital,,,Hope Child Care and Research Centre,OpenGovernmentData,POINT (85.1597567 25.5971515),,,,,,,,,,,,,,,,,,,,,,,,
node/6953167218,6953167218,node,Patna,"Chandralaya, Kankarbagh Between Central School & Rajendra Nagar Bridge",800020,Bihar,,hospital,,,"Heart Hospital, Patna",OpenGovernmentData,POINT (85.15960200000001 25.5999994),,,,,,,,,,,,,,,,,,,,,,,,
node/6953173205,6953173205,node,Patna,"Bhagwat Nagar, Nayatola,Kumhrar,West Of Kumhrar Park",800026,Bihar,,hospital,,,I Care Eye Hospital and Research Centre,OpenGovernmentData,POINT (85.1798869 25.5982047),,,,,,,,,,,,,,,,,,,,,,,,
node/6953174729,6953174729,node,Patna,"DS - 2, Lohiya Nagar, Behind Geological Survey of India, Kankarbagh",800020,Bihar,,hospital,,,Jagdish Memorial Hospital,OpenGovernmentData,POINT (85.1572783 25.5989875),,,,,,info@jagdishhospital.com, dralok@jagdishhospital.com,multi speciality,private,http://www.jagdishhospital.com,,,,,,,,,,,,,,
node/6953226428,6953226428,node,Patna,"Arya Kumar , Rajendra Nagar Road",800016,Bihar,,hospital,,,New Born Care Centre (P) Ltd,OpenGovernmentData,POINT (85.15945189999999 25.6087892),,,,,,,,,,,,,,,,,,,,,,,,
node/6953239472,6953239472,node,Patna,"Indralok, Dharamshala Chowk",800008,Bihar,,hospital,9308129667,,Manokamna Health Care,OpenGovernmentData,POINT (85.2273509 25.5989339),,,,,,,,,,,,,,,,,,,,,,,,
node/6953260426,6953260426,node,Patna,"B-150, Housing Colony, Kankarbagh NearTempo Stand",800020,Bihar,,hospital,,,Om Eye Clinic and Phaco Centre - Patna,OpenGovernmentData,POINT (85.148206 25.5945748),,,,,,,,,,,,,,,,,,,,,,,,
node/6953374036,6953374036,node,Patna,"E-9, R.B.I Colony, Kankarbagh, NearPani Tanki",800020,Bihar,,hospital,,,Nav Sharda Aspatal Pvt Ltd,OpenGovernmentData,POINT (85.1562005 25.5933759),,,,,,,,,,,,,,,,,,,,,,,,
node/6953384941,6953384941,node,Patna,"K-208, P.C Colony ,Hanuman Nagar, Kankarbagh",800020,Bihar,,hospital,,,Shubham Maternity Centre,OpenGovernmentData,POINT (85.1595507 25.5906052),,,,,,,,,,,,,,,,,,,,,,,,
node/6956312377,6956312377,node,Patna,"N-7, Patrakar Nagar, Kankarbagh",800020,Bihar,,hospital,,,Chanakya Hospital,OpenGovernmentData,POINT (85.1599611 25.6000205),,,,,,,,,,,,,,,,,,,,,,,,
node/6956332161,6956332161,node,Patna,"40, Mig, Kankarbagh",800020,Bihar,,hospital,,,Adarsh Life Care Hospital Pvt. Ltd,OpenGovernmentData,POINT (85.1582921 25.5861879),,,,,,,,,,,,,,,,,,,,,,,,
node/6956367612,6956367612,node,Patna,Kankarbagh,800020,Bihar,,hospital,,,Swasti Womens Hospital And Research Centre,OpenGovernmentData,POINT (85.15938250000001 25.5942693),,,,,,,,,,,,,,,,,,,,,,,,
node/6956369600,6956369600,node,Patna,"Vidyapuri, Kankarbagh",800020,Bihar,,hospital,,,Shivam Hospital And Research Institute Pvt Ltd,OpenGovernmentData,POINT (85.1614639 25.5951268),,,,,,,,,,,,,,,,,,,,,,,,
node/6956370637,6956370637,node,Patna,"Chowk, City",800008,Bihar,,hospital,,,R.P. Golwara Memorial Hospital,OpenGovernmentData,POINT (85.2273356 25.5981687),,,,,,,,,,,,,,,,,,,,,,,,
node/6956377299,6956377299,node,Patna,"Vidayapuri, Kankarbagh",800020,Bihar,,hospital,,,Child Care Center,OpenGovernmentData,POINT (85.15859 25.593892),,,,,,,,,,,,,,,,,,,,,,,,
node/6956467912,6956467912,node,Patna,"New By Pass, Vijay Nagar (90 Feet Road), Kankarbagh",800020,Bihar,,hospital,,,Shanti Navjeevan Hospital Pvt. Ltd.,OpenGovernmentData,POINT (85.1676982 25.587457),,,,,,,,,,,,,,,,,,,,,,,,
node/6956501299,6956501299,node,Patna,Khusrupur,803202,Bihar,,hospital,,,Central Hospital,OpenGovernmentData,POINT (85.38846220000001 25.4898229),,,,,,,,,,,,,,,,,,,,,,,,
node/6956507174,6956507174,node,Patna,"0/543, Sachvlaya Colony Kankarbagh",800020,Bihar,,hospital,,,Uma Foundation,OpenGovernmentData,POINT (85.1580005 25.5961515),,,,,,,,,,,,,,,,,,,,,,,,
node/6956553412,6956553412,node,Patna,"Patliputra Path, Rajendra Nagar",800016,Bihar,,hospital,,,Shanti Maternity Centre,OpenGovernmentData,POINT (85.16110449999999 25.6062332),,,,,,,,,,,,,,,,,,,,,,,,
node/6956553417,6956553417,node,Patna,"Khazanchi Road Opposite Ram Mohan Ray Saminary School,Po-Bankipore",800004,Bihar,,hospital,,,Anupama Hospital Pvt. Ltd.,OpenGovernmentData,POINT (85.16306520000001 25.6183579),,,,,,,,,,,,,,,,,,,,,,,,
node/6956562380,6956562380,node,Patna,"8M/6, Bahadurpur Housing, NearAgamkuan Thana, Vijay Nagar, Kankarbagh",800026,Bihar,,hospital,,,"Vaishnavi Hospital, Patna",OpenGovernmentData,POINT (85.18813040000001 25.5942052),,,,,,,,,,,,,,,,,,,,,,,,
node/6956634034,6956634034,node,Patna,"Belwarganj, Pachim Darwaza",800007,Bihar,,hospital,,,"Polo Hospital, Patna",OpenGovernmentData,POINT (85.2096102 25.6026612),,,,,,,,,,,,,,,,,,,,,,,,
node/6956662658,6956662658,node,Vaishali,Hajipur Road Hajipur,844101,Bihar,,hospital,,,Shri Harijeevan Health Care,OpenGovernmentData,POINT (85.2147044 25.6016084),,,,,,,,,,,,,,,,,,,,,,,,
node/6956761482,6956761482,node,Patna,Kankarbagh,800020,Bihar,,hospital,,,S.S.Hospital and Research Centre Pvt.Ltd.,OpenGovernmentData,POINT (85.1566528 25.5907277),,,,,,,,,,,,,,,,,,,,,,,,
node/6956851912,6956851912,node,Patna,"Nc-1-C, Lohia Nagar, West Of Rajendra Nagar, Over Bridge, Kankar Bagh",800020,Bihar,,hospital,,,Sri Ram Hospital,OpenGovernmentData,POINT (85.1543965 25.6000205),,,,,,,,,,,,,,,,,,,,,,,,
node/6956888575,6956888575,node,Nawada,Hisua Rajgir Main Road Nardi Ganj,851129,Bihar,,hospital,,,Budha Hospital,OpenGovernmentData,POINT (85.1618958 25.5905772),,,,,,,,,,,,,,,,,,,,,,,,
node/6956913448,6956913448,node,Patna,"6, Doctors Colony Kankarbagh",800020,Bihar,,hospital,,,Jeevak Heart Hospital and Research Institute Pvt Ltd,OpenGovernmentData,POINT (85.15863419999999 25.6013979),,,,,,,,,,,,,,,,,,,,,,,,
node/6956944933,6956944933,node,Patna,"NearKhudaBaqsh Library, Ashok Rajpath, Makhania Kuan, Lalbagh",800004,Bihar,,hospital,9771496911,,Arvind Hospital,OpenGovernmentData,POINT (85.16321000000001 25.6185429),,,,,,arvind.hospital.patna@gmail.com, info@arvindhospital.org,multi speciality,private,http://www.arvindhospital.org,,,,,,,,,,,,,,
node/6958138336,6958138336,node,Patna,"0/85, Doctor`S Colony, Kankarbagh",800020,Bihar,,hospital,,,Vijai Hospital,OpenGovernmentData,POINT (85.15777319999999 25.5959832),,,,,,,,,,,,,,,,,,,,,,,,
node/6965702666,6965702666,node,Patna,"Near Kali Mandir, Sanjay Gandhi Nagar, Kankarbagh, Hanuman Nagar",800020,Bihar,,hospital,,,Shekhar Shalya Chikitsalaya,OpenGovernmentData,POINT (85.1626139 25.5904538),,,,,,,,,,,,,,,,,,,,,,,,
node/6965751796,6965751796,node,Patna,Jagat Narain Road Kadam Kuan,800003,Bihar,,hospital,,,M.G.M Hospital And Research Centre Pvt Ltd,OpenGovernmentData,POINT (85.1547302 25.6077147),,,,,,,,,,,,,,,,,,,,,,,,
node/6965846513,6965846513,node,Patna,"Rajendra Nagar, Road No.3, NearBahai Bhawan",800016,Bihar,,hospital,,,Ashoka Hospital( Aunit Of Ashoka Multispeciality Hospital Pvt Limited),OpenGovernmentData,POINT (85.1602851 25.6083701),,,,,,,,,,,,,,,,,,,,,,,,
node/6965863190,6965863190,node,Patna,"Post Office Road, Bihta",801103,Bihar,,hospital,,,"Aarogya Hospital, Patna",OpenGovernmentData,POINT (85.1553947 25.6124323),,,,,,,,,,,,,,,,,,,,,,,,
node/6965865174,6965865174,node,Patna,"Kumhrar (NearMazar),Kankarbagh",800020,Bihar,,hospital,,,Appolo Burn Hospital,OpenGovernmentData,POINT (85.1912123 25.5997083),,,,,,,,,,,,,,,,,,,,,,,,
node/6967103323,6967103323,node,Patna,Road No 2B Rajendra Nagar,800016,Bihar,,hospital,,,Magadh Hospital,OpenGovernmentData,POINT (85.157906 25.6097524),,,,,,,,,,,,,,,,,,,,,,,,
node/6967384589,6967384589,node,Patna,"Rajendra Nagar, Road No.-2 B",800016,Bihar,,hospital,,,Shahi Hospital (A Unit Of Abhishek Memorial Trust),OpenGovernmentData,POINT (85.1575412 25.6096412),,,,,,,,,,,,,,,,,,,,,,,,
node/6967396055,6967396055,node,Patna,"Bihar Urdu Ackdmy , NearKhjanchi Road Ashok Rajpath",800026,Bihar,,hospital,,,"Sri Vinayak Hospital, Patna",OpenGovernmentData,POINT (85.17435999999999 25.5859875),,,,,,,,,,,,,,,,,,,,,,,,
node/6967413039,6967413039,node,Patna,"Ds/2, Kankarbagh,Behind Geological Survey Of India,NearKankarbagh Over Bridge",800020,Bihar,,hospital,,,Shri Sai Hospital (A Unit Of Akhilesh Kumar Singh Hospital (P)Ltd),OpenGovernmentData,POINT (85.15725019999999 25.5991278),,,,,,,,,,,,,,,,,,,,,,,,
node/6967506526,6967506526,node,Patna,New Azimabad,800004,Bihar,,hospital,,,Imdad Medicare Research Institute,OpenGovernmentData,POINT (85.1831368 25.6090111),,,,,,,,,,,,,,,,,,,,,,,,
node/6967539654,6967539654,node,Patna,"G-75&77, P.C.Colony Kankarbagh, Behind Rbi Colony",800020,Bihar,,hospital,,,Anup Memorial Orthopaedic Centre,OpenGovernmentData,POINT (85.1570423 25.6011427),,,,,,,,,,,,,,,,,,,,,,,,
node/6967548278,6967548278,node,Patna,"Raod No. 5A, Rajendra Nagar",800016,Bihar,,hospital,,,Siddharth Multispeciality Hospital,OpenGovernmentData,POINT (85.1605359 25.6072829),,,,,,,,,,,,,,,,,,,,,,,,
node/6967666153,6967666153,node,Darbhanga,Mabbi Chouk,800020,Bihar,,hospital,,,Mithila Hospital,OpenGovernmentData,POINT (85.1738691 25.5859923),,,,,,,,,,,,,,,,,,,,,,,,
node/6967695551,6967695551,node,Patna,Rampur Road NearBazar Samiti,800006,Bihar,,hospital,,,Ram Ratan Hospital,OpenGovernmentData,POINT (85.1738986 25.6089301),,,,,,,,,,,,,,,,,,,,,,,,
node/6967749465,6967749465,node,Patna,"O/60,Doctors Colony, Kankarbagh",800020,Bihar,,hospital,,,Abhinandan Hospital,OpenGovernmentData,POINT (85.1579368 25.5974007),,,,,,,,,,,,,,,,,,,,,,,,
node/6967815408,6967815408,node,Patna,"No. 101-102, Kundan Complex,Kankarbagh Colony More,Kankarbagh",800020,Bihar,,hospital,,,Chandra Shambhu Narayan Eye Hospital Pvt. Ltd.,OpenGovernmentData,POINT (85.1462451 25.6032604),,,,,,,,,,,,,,,,,,,,,,,,
node/6967873053,6967873053,node,Patna,"A/60, P.C. Colony, OppositeLohiya Park, Kankarbagh",800020,Bihar,,hospital,,,Shrinivas Hospital - Patna,OpenGovernmentData,POINT (85.1496159 25.6008628),,,,,,,,,,,,,,,,,,,,,,,,
node/7525917730,7525917730,node,Patna,Fatwah,803201,Bihar,,hospital,,,Shekhar Bone Hospital,Local Knowledge,POINT (85.3041655 25.5044209),,,,,,,,,,,,,,,,,,,,,,,,
node/8071668869,8071668869,node,,,800016,,,hospital,,"PDC is a pathology/diagnostic lab which you can trust upon for accurate medical report. 
We provide Full body checkup",PDC (Poonam Diagnostic Center),,POINT (85.15664289999999 25.6082129),hospital,patna,Rajendra nagar raoad no.1,,,,clinic,general,private_for_profit,,Dr.Dayanand Prasad Singh,no,,,near malti medical,919835488353,,Poonam diagnostic center,,,,,,
node/8118415138,8118415138,node,,,,,,hospital,,,Sanjeevani Hospital,,POINT (85.16464980000001 25.5950459),hospital,,,,,,,,,,,,,,,,,,,,,,,
way/383774535,383774535,way,,,,,,hospital,,,Nursing College,,"POLYGON ((85.2131803 25.6003351, 85.2128982 25.5995981, 85.2131181 25.5995296, 85.2131416 25.599591, 85.2133212 25.5995352, 85.2133675 25.5996563, 85.2131515 25.5997236, 85.2133637 25.6002781, 85.2131803 25.6003351))",hospital,,,,,,,,,,,"[3870901387, 3870901388, 3870901389, 3870901390, 3870901391, 3870901392, 3870901393, 3870901394, 3870901387]",yes,,,,,,,,,,,
way/387137657,387137657,way,,,,,,hospital,,,Nalanda Medical College & Hospital,,"POLYGON ((85.19847009999999 25.6048477, 85.19986179999999 25.6043855, 85.1998971 25.6043098, 85.19912840000001 25.6005765, 85.1989957 25.6002377, 85.1968231 25.6006852, 85.19751239999999 25.6024824, 85.19781279999999 25.6033072, 85.19847009999999 25.6048477))",hospital,,,,,,,,,,yes,"[3904618322, 3904618323, 3904618324, 3009337665, 3904618326, 3904618327, 3904618328, 3904618329, 3904618322]",,,,,,,,,,,,
way/688919783,688919783,way,Munger,,800004,Bihar,,hospital,,,Patna Medical College and Hospital,OpenGovernmentData,"POLYGON ((85.16406069999999 25.6189157, 85.16415019999999 25.6201165, 85.164158 25.6206467, 85.1642009 25.6209802, 85.16423589999999 25.621872, 85.1631378 25.6219352, 85.1621682 25.6219633, 85.16157629999999 25.621865, 85.1608092 25.6219704, 85.1599681 25.622007, 85.1591871 25.6220301, 85.15806689999999 25.6220532, 85.15647939999999 25.6221167, 85.1561145 25.6220994, 85.1560633 25.6211354, 85.1560953 25.6205409, 85.1560313 25.6198541, 85.15682510000001 25.6198194, 85.1578173 25.6198021, 85.1587711 25.6196925, 85.1595456 25.6195539, 85.1607939 25.619375, 85.1629063 25.6190633, 85.16406069999999 25.6189157))",hospital,Patna,Ashok Rajpath,,,info@patnamedicalcollege.com,,,http://patnamedicalcollege.com/,Public,yes,"[6462037431, 6462037432, 6462037433, 6462037434, 6462037435, 6462037436, 6462037437, 6462037438, 6462037439, 6462037440, 6462037441, 6462037442, 6462037443, 6462037444, 6462037445, 6462037446, 6462037447, 6462037448, 6462037449, 6462037450, 6462037451, 6462037452, 6462037453, 6462037431]",,,0612 230 0343,,,,,,,,,
way/875652134,875652134,way,Munger,Rajendra nagar,,Bihar,Sangrampur,hospital,,Urban Health Centre,Rajendra Nagar Hospital,OpenGovernmentData,"POLYGON ((85.1627728 25.6068512, 85.16292300000001 25.6077316, 85.16201909999999 25.6078453, 85.1618797 25.6070495, 85.1622364 25.6069963, 85.1622096 25.6068028, 85.1627728 25.6068512))",centre,,,,,,,,,,,"[7117954780, 8150332069, 8150332068, 8150332067, 8150332066, 8150332065, 7117954780]",,,,,,,,,,,,
node/7525917731,7525917731,node,Patna,Pundarakh,803221,Bihar,,hospital,,,Pandarak General Hospital,Local Knowledge,POINT (85.79941100000001 25.4927775),,,,,,,,,,,,,,,,,,,,,,,,
node/6950314582,6950314582,node,Patna,Maranchi Via- Hathidah National Highway -80,803301,Bihar,,hospital,,,"Mahatma Gandhi Hospital, Patna",OpenGovernmentData,POINT (85.9936342 25.3598466),,,,,,,,,,,,,,,,,,,,,,,,
node/7115307340,7115307340,node,Muzaffarpur,Mokameh RH,843111,Bihar,Baruraj (Motipur),hospital,,Referral Hospital,Mokameh RH,OpenGovernmentData,POINT (85.9077162 25.4021724),,,,,,,,,,,,,,,,,,,,,,,,
way/410269332,410269332,way,,,,,,hospital,,,,,"POLYGON ((85.9141551 25.389014, 85.9159768 25.3884049, 85.9160315 25.38855, 85.9167441 25.3883714, 85.91668230000001 25.3879044, 85.91657619999999 25.3875731, 85.9167309 25.3875172, 85.9159798 25.386703, 85.9135057 25.3875132, 85.9141551 25.389014))",hospital,,,,,,,,,,,"[4121023154, 4121023155, 4121023156, 4121023157, 4121023158, 4121023159, 4121023160, 4121023161, 4121023162, 4121023154]",,,,,,,,,,,,
